Time,Population,Organism,ID,Pathogens,Protection,Alive
1000,my_population,Host,my_population_0,"MEGEKVKTKANSISNFSMTYDRESGGNSNSDDKSGSSSENDSNSFMNLTSDKNEKTENNSFLLNNSSYGNVKDSLLESIDMSVLDSNFDSKKDFLPSNLSRTFNNMSKDNIGNKYLNKLLNKKKDTITNENNNINHNNNNNNLTANNITNNLINNNMNSPSIMNTNKKENFLDAANLINDDSGLNNLKKFSTVNNVNDTYEKKIIETELSDASDFENMVGDLRITFINWLKKTQMNFIREKDKLFKDKKELEMERVRLYKELENRKNHEEQKLHDERKKLDIDISNGYKQIKKEKEEHRKRFDEERLRFLQEIDKIKLVLYLEKEKYYQEYKNFENDKKKIVDANIATETMIDINVGGAIFETSRHTLTQQKDSFIEKLLSGRHHVTRDKQGRIFLDRDSELFRIILNFLRNPLTIPIPKDLSESEALLKEAEFYGIKFLPFPLVFCIGGFDGVEYLNSMELLDISQQCWRMCTPMSTKKAYFGSAVLNNFLYVFGGNNY","",True
1000,my_population,Host,my_population_1,"MEGEKVKTKANSISNFSMTYDRESGGNSNSDDKSGSSSENDSNSFMNLTSDKNEKTENNSFLLNNSSYGNVKDSLLESIDMSVLDSNFDSKKDFLPSNLSRTFNNMSKDNIGNKYLNKLLNKKKDTITNENNNINHNNNNNNLTANNITNNLINNNMNSPSIMNTNKKENFLDAANLINDDSGLNNLKKFSTVNNVNDTYEKKIIETELSDASDFENMVGDLRITFINWLKKTQMNFIREKDKLFKDKKELEMERVRLYKELENRKNIEEQKLHDERKKLDIDISNGYKQIKKEKEEHRKRFDEERLRFLQEIDKIKLVLYLEKEKYYQEYKNFENDKKKIVDANIATETMIDINVGGAIFETSRHTLTQQKDSFIEKLLSGRHHVTRDKQGRIFLDRDSELFRIILNFLRNPLTIPIPKDLSESEALLKEAEFYGIKFLPFPLVFCIGGFDGVEYLNSMELLDISQQCWRMCTPMSTKKAYFGSAVLNNFLYVFGGNNY","",True
1000,my_population,Host,my_population_2,"","",True
1000,my_population,Host,my_population_3,"MEGEKVKTKANSISNFSMTYDRESGGNSNSDDKSGSSSENDSNSFMNLTSDKNEKTENNSFLLNNSSYGNVKDSLLESIDMSVLDSNFDSKKDFLPSNLSRTFNNMSKDNIGNKYLNKLLNKKKDTITNENNNINHNNNNNNLTANNITNNLINNNMNSPSIMNTNKKENFLDAANLINDDSGLNNLKKFSTVNNVNDTYEKKIIETELSDASDFENMVGDLRITFINWLKKTQMNFIREKDKLFKDKKELEMERVRLYKELENRKNIEEQKLHDERKKLDIDISNGYKQIKKEKEEHRKRFDEERLRFLQEIDKIKLVLYLEKEKYYQEYKNFENDKKKIVDANIATETMIDINVGGAIFETSRHTLTQQKDSFIEKLLSGRHHVTRDKQGRIFLDRDSELFRIILNFLRNPLTIPIPKDLSESEALLKEAEFYGIKFLPFPLVFCIGGFDGVEYLNSMELLDISQQCWRMCTPMSTKKAYFGSAVLNNFLYVFGGNNY","",True
1000,my_population,Host,my_population_4,"","",True
1000,my_population,Host,my_population_5,"","",True
1000,my_population,Host,my_population_6,"","",True
1000,my_population,Host,my_population_7,"","",True
1000,my_population,Host,my_population_8,"","",True
1000,my_population,Host,my_population_9,"","",True
1000,my_population,Host,my_population_10,"","",True
1000,my_population,Host,my_population_11,"","",True
1000,my_population,Host,my_population_12,"MEGEKVKTKANSISNFSMTYDRESGGNSNSDDKSGSSSENDSNSFMNLTSDKNEKTENNSFLLNNSSYGNVKDSLLESIDMSVLDSNFDSKKDFLPSNLSRTFNNMSKDNIGNKYLNKLLNKKKDTITNENNNINHNNNNNNLTANNITNNLINNNMNSPSIMNTNKKENFLDAANLINDDSGLNNLKKFSTVNNVNDTYEKKIIETELSDASDFENMVGDLRITFINWLKKTQMNFIREKDKLFKDKKELEMERVRLYKELENRKNHEEQKLHDERKKLDIDISNGYKQIKKEKEEHRKRFDEERLRFLQEIDKIKLVLYLEKEKYYQEYKNFENDKKKIVDANIATETMIDINVGGAIFETSRHTLTQQKDSFIEKLLSGRHHVTRDKQGRIFLDRDSELFRIILNFLRNPLTIPIPKDLSESEALLKEAEFYGIKFLPFPLVFCIGGFDGVEYLNSMELLDISQQCWRMCTPMSTKKAYFGSAVLNNFLYVFGGNNY","",True
1000,my_population,Host,my_population_13,"","",True
1000,my_population,Host,my_population_14,"","",True
1000,my_population,Host,my_population_15,"","",True
1000,my_population,Host,my_population_16,"MEGEKVKTKANSISNFSMTYDRESGGNSNSDDKSGSSSENDSNSFMNLTSDKNEKTENNSFLLNNSSYGNVKDSLLESIDMSVLDSNFDSKKDFLPSNLSRTFNNMSKDNIGNKYLNKLLNKKKDTITNENNNINHNNNNNNLTANNITNNLINNNMNSPSIMNTNKKENFLDAANLINDDSGLNNLKKFSTVNNVNDTYEKKIIETELSDASDFENMVGDLRITFINWLKKTQMNFIREKDKLFKDKKELEMERVRLYKELENRKNIEEQKLHDERKKLDIDISNGYKQIKKEKEEHRKRFDEERLRFLQEIDKIKLVLYLEKEKYYQEYKNFENDKKKIVDANIATETMIDINVGGAIFETSRHTLTQQKDSFIEKLLSGRHHVTRDKQGRIFLDRDSELFRIILNFLRNPLTIPIPKDLSESEALLKEAEFYGIKFLPFPLVFCIGGFDGVEYLNSMELLDISQQCWRMCTPMSTKKAYFGSAVLNNFLYVFGGNNY","",True
1000,my_population,Host,my_population_17,"","",True
1000,my_population,Host,my_population_18,"","",True
1000,my_population,Host,my_population_19,"","",True
1000,my_population,Host,my_population_20,"","",True
1000,my_population,Host,my_population_21,"","",True
1000,my_population,Host,my_population_22,"","",True
1000,my_population,Host,my_population_23,"","",True
1000,my_population,Host,my_population_24,"","",True
1000,my_population,Host,my_population_25,"","",True
1000,my_population,Host,my_population_26,"MEGEKVKTKANSISNFSMTYDRESGGNSNSDDKSGSSSENDSNSFMNLTSDKNEKTENNSFLLNNSSYGNVKDSLLESIDMSVLDSNFDSKKDFLPSNLSRTFNNMSKDNIGNKYLNKLLNKKKDTITNENNNINHNNNNNNLTANNITNNLINNNMNSPSIMNTNKKENFLDAANLINDDSGLNNLKKFSTVNNVNDTYEKKIIETELSDASDFENMVGDLRITFINWLKKTQMNFIREKDKLFKDKKELEMERVRLYKELENRKNIEEQKLHDERKKLDIDISNGYKQIKKEKEEHRKRFDEERLRFLQEIDKIKLVLYLEKEKYYQEYKNFENDKKKIVDANIATETMIDINVGGAIFETSRHTLTQQKDSFIEKLLSGRHHVTRDKQGRIFLDRDSELFRIILNFLRNPLTIPIPKDLSESEALLKEAEFYGIKFLPFPLVFCIGGFDGVEYLNSMELLDISQQCWRMCTPMSTKKAYFGSAVLNNFLYVFGGNNY","",True
1000,my_population,Host,my_population_27,"","",True
1000,my_population,Host,my_population_28,"","",True
1000,my_population,Host,my_population_29,"","",True
1000,my_population,Host,my_population_30,"","",True
1000,my_population,Host,my_population_31,"","",True
1000,my_population,Host,my_population_32,"MEGEKVKTKANSISNFSMTYDRESGGNSNSDDKSGSSSENDSNSFMNLTSDKNEKTENNSFLLNNSSYGNVKDSLLESIDMSVLDSNFDSKKDFLPSNLSRTFNNMSKDNIGNKYLNKLLNKKKDTITNENNNINHNNNNNNLTANNITNNLINNNMNSPSIMNTNKKENFLDAANLINDDSGLNNLKKFSTVNNVNDTYEKKIIEHELSDASDFENMVGDLRITFINWLKKTQMNFIREKDKLFKDKKELEMERVRLYKELENRKNIEEQKLHDERKKLDIDISNGYKQIKKEKEEHRKRFDEERLRFLQEIDKIKLVLYLEKEKYYQEYKNFENDKKKIVDANIATETMIDINVGGAIFETSRHTLTQQKDSFIEKLLSGRHHVTRDKQGRIFLDRDSELFRIILNFLRNPLTIPIPKDLSESEALLKEAEFYGIKFLPFPLVFCIGGFDGVEYLNSMELLDISQQCWRMCTPMSTKKAYFGSAVLNNFLYVFGGNNY","",True
1000,my_population,Host,my_population_33,"","",True
1000,my_population,Host,my_population_34,"","",True
1000,my_population,Host,my_population_35,"","",True
1000,my_population,Host,my_population_36,"","",True
1000,my_population,Host,my_population_37,"MEGEKVKTKANSISNFSMTYDRESGGNSNSDDKSGSSSENDSNSFMNLTSDKNEKTENNSFLLNNSSYGNVKDSLLESIDMSVLDSNFDSKKDFLPSNLSRTFNNMSKDNIGNKYLNKLLNKKKDTITNENNNINHNNNNNNLTANNITNNLINNNMNSPSIMNTNKKENFLDAANLINDDSGLNNLKKFSTVNNVNDTYEKKIIETELSDASDFENMVGDLRITFINWLKKTQMNFIREKDKLFKDKKELEMERVRLYKELENRKNHEEQKLHDERKKLDIDISNGYKQIKKEKEEHRKRFDEERLRFLQEIDKIKLVLYLEKEKYYQEYKNFENDKKKIVDANIATETMIDINVGGAIFETSRHTLTQQKDSFIEKLLSGRHHVTRDKQGRIFLDRDSELFRIILNFLRNPLTIPIPKDLSESEALLKEAEFYGIKFLPFPLVFCIGGFDGVEYLNSMELLDISQQCWRMCTPMSTKKAYFGSAVLNNFLYVFGGNNY","",True
1000,my_population,Host,my_population_38,"","",True
1000,my_population,Host,my_population_39,"","",True
1000,my_population,Host,my_population_40,"","",True
1000,my_population,Host,my_population_41,"","",True
1000,my_population,Host,my_population_42,"","",True
1000,my_population,Host,my_population_43,"","",True
1000,my_population,Host,my_population_44,"","",True
1000,my_population,Host,my_population_45,"","",True
1000,my_population,Host,my_population_46,"","",True
1000,my_population,Host,my_population_47,"","",True
1000,my_population,Host,my_population_48,"","",True
1000,my_population,Host,my_population_49,"","",True
1000,my_population,Host,my_population_50,"","",True
1000,my_population,Host,my_population_51,"","",True
1000,my_population,Host,my_population_52,"","",True
1000,my_population,Host,my_population_53,"","",True
1000,my_population,Host,my_population_54,"","",True
1000,my_population,Host,my_population_55,"","",True
1000,my_population,Host,my_population_56,"","",True
1000,my_population,Host,my_population_57,"","",True
1000,my_population,Host,my_population_58,"MEGEKVKTKANSISNFSMTYDRESGGNSNSDDKSGSSSENDSNSFMNLTSDKNEKTENNSFLLNNSSYGNVKDSLLESIDMSVLDSNFDSKKDFLPSNLSRTFNNMSKDNIGNKYLNKLLNKKKDTITNENNNINHNNNNNNLTANNITNNLINNNMNSPSIMNTNKKENFLDAANLINDDSGLNNLKKFSTVNNVNDTYEKKIIETELSDASDFENMVGDLRITFINWLKKTQMNFIREKDKLFKDKKELEMERVRLYKELENRKNIEEQKLHDERKKLDIDISNGYKQIKKEKEEHRKRFDEERLRFLQEIDKIKLVLYLEKEKYYQEYKNFENDKKKIVDANIATETMIDINVGGAIFETSRHTLTQQKDSFIEKLLSGRHHVTRDKQGRIFLDRDSELFRIILNFLRNPLTIPIPKDLSESEALLKEAEFYGIKFLPFPLVFCIGGFDGVEYLNSMELLDISQQCWRMCTPMSTKKAYFGSAVLNNFLYVFGGNNY","",True
1000,my_population,Host,my_population_59,"","",True
1000,my_population,Host,my_population_60,"","",True
1000,my_population,Host,my_population_61,"","",True
1000,my_population,Host,my_population_62,"","",True
1000,my_population,Host,my_population_63,"","",True
1000,my_population,Host,my_population_64,"","",True
1000,my_population,Host,my_population_65,"","",True
1000,my_population,Host,my_population_66,"","",True
1000,my_population,Host,my_population_67,"MEGEKVKTKANSISNFSMTYDRESGGNSNSDDKSGSSSENDSNSFMNLTSDKNEKTENNSFLLNNSSYGNVKDSLLESIDMSVLDSNFDSKKDFLPSNLSRTFNNMSKDNIGNKYLNKLLNKKKDTITNENNNINHNNNNNNLTANNITNNLINNNMNSPSIMNTNKKENFLDAANLINDDSGLNNLKKFSTVNNVNDTYEKKIIETELSDASDFENMVGDLRITFINWLKKTQMNFIREKDKLFKDKKELEMERVRLYKELENRKNIEEQKLHDERKKLDIDISNGYKQIKKEKEEHRKRFDEERLRFLQEIDKIKLVLYLEKEKYYQEYKNFENDKKKIVDANIATETMIDINVGGAIFETSRHTLTQQKDSFIEKLLSGRHHVTRDKQGRIFLDRDSELFRIILNFLRNPLTIPIPKDLSESEALLKEAEFYGIKFLPFPLVFCIGGFDGVEYLNSMELLDISQQCWRMCTPMSTKKAYFGSAVLNNFLYVFGGNNY","",True
1000,my_population,Host,my_population_68,"","",True
1000,my_population,Host,my_population_69,"MEGEKVKTKANSISNFSMTYDRESGGNSNSDDKSGSSSENDSNSFMNLTSDKNEKTENNSFLLNNSSYGNVKDSLLESIDMSVLDSNFDSKKDFLPSNLSRTFNNMSKDNIGNKYLNKLLNKKKDTITNENNNINHNNNNNNLTANNITNNLINNNMNSPSIMNTNKKENFLDAANLINDDSGLNNLKKFSTVNNVNDTYEKKIIETELSDASDFENMVGDLRITFINWLKKTQMNFIREKDKLFKDKKELEMERVRLYKELENRKNIEEQKLHDERKKLDIDISNGYKQIKKEKEEHRKRFDEERLRFLQEIDKIKLVLYLEKEKYYQEYKNFENDKKKIVDANIATETMIDINVGGAIFETSRHTLTQQKDSFIEKLLSGRHHVTRDKQGRIFLDRDSELFRIILNFLRNPLTIPIPKDLSESEALLKEAEFYGIKFLPFPLVFCIGGFDGVEYLNSMELLDISQQCWRMCTPMSTKKAYFGSAVLNNFLYVFGGNNY","",True
1000,my_population,Host,my_population_70,"","",True
1000,my_population,Host,my_population_71,"","",True
1000,my_population,Host,my_population_72,"","",True
1000,my_population,Host,my_population_73,"","",True
1000,my_population,Host,my_population_74,"MEGEKVKTKANSISNFSMTYDRESGGNSNSDDKSGSSSENDSNSFMNLTSDKNEKTENNSFLLNNSSYGNVKDSLLESIDMSVLDSNFDSKKDFLPSNLSRTFNNMSKDNIGNKYLNKLLNKKKDTITNENNNINHNNNNNNLTANNITNNLINNNMNSPSIMNTNKKENFLDAANLINDDSGLNNLKKFSTVNNVNDTYEKKIIEHELSDASDFENMVGDLRITFINWLKKTQMNFIREKDKLFKDKKELEMERVRLYKELENRKNIEEQKLHDERKKLDIDISNGYKQIKKEKEEHRKRFDEERLRFLQEIDKIKLVLYLEKEKYYQEYKNFENDKKKIVDANIATETMIDINVGGAIFETSRHTLTQQKDSFIEKLLSGRHHVTRDKQGRIFLDRDSELFRIILNFLRNPLTIPIPKDLSESEALLKEAEFYGIKFLPFPLVFCIGGFDGVEYLNSMELLDISQQCWRMCTPMSTKKAYFGSAVLNNFLYVFGGNNY;MEGEKVKTKANSISNFSMTYDRESGGNSNSDDKSGSSSENDSNSFMNLTSDKNEKTENNSFLLNNSSYGNVKDSLLESIDMSVLDSNFDSKKDFLPSNLSRTFNNMSKDNIGNKYLNKLLNKKKDTITNENNNINHNNNNNNLTANNITFNLINNNMNSPSIMNTNKKENFLDAANLINDDSGLNNLKKFSTVNNVNDTYEKKIIETELSDASDFENMVGDLRITFINWLKKTQMNFIREKDKLFKDKKELEMERVRLYKELENRKNIEEQKLHDERKKLDIDISNGYKQIKKEKEEHRKRFDEERLRFLQEIDKIKLVLYLEKEKYYQEYKNFENDKKKIVDANIATETMIDINVGGAIFETSRHTLTQQKDSFIEKLLSGRHHVTRDKQGRIFLDRDSELFRIILNFLRNPLTIPIPKDLSESEALLKEAEFYGIKFLPFPLVFCIGGFDGVEYLNSMELLDISQQCWRMCTPMSTKKAYFGSAVLNNFLYVFGGNNY","",True
1000,my_population,Host,my_population_75,"","",True
1000,my_population,Host,my_population_76,"MEGEKVKTKANSISNFSMTYDRESGGNSNSDDKSGSSSENDSNSFMNLTSDKNEKTENNSFLLNNSSYGNVKDSLLESIDMSVLDSNFDSKKDFLPSNLSRTFNNMSKDNIGNKYLNKLLNKKKDTITNENNNINHNNNNNNLTANNITNNLINNNMNSPSIMNTNKKENFLDAANLINDDSGLNNLKKFSTVNNVNDTYEKKIIEHELSDASDFENMVGDLRITFINWLKKTQMNFIREKDKLFKDKKELEMERVRLYKELENRKNIEEQKLHDERKKLDIDISNGYKQIKKEKEEHRKRFDEERLRFLQEIDKIKLVLYLEKEKYYQEYKNFENDKKKIVDANIATETMIDINVGGAIFETSRHTLTQQKDSFIEKLLSGRHHVTRDKQGRIFLDRDSELFRIILNFLRNPLTIPIPKDLSESEALLKEAEFYGIKFLPFPLVFCIGGFDGVEYLNSMELLDISQQCWRMCTPMSTKKAYFGSAVLNNFLYVFGGNNY","",True
1000,my_population,Host,my_population_77,"","",True
1000,my_population,Host,my_population_78,"","",True
1000,my_population,Host,my_population_79,"","",True
1000,my_population,Host,my_population_80,"","",True
1000,my_population,Host,my_population_81,"","",True
1000,my_population,Host,my_population_82,"MEGEKVKTKANSISNFSMTYDRESGGNSNSDDKSGSSSENDSNSFMNLTSDKNEKTENNSFLLNNSSYGNVKDSLLESIDMSVLDSNFDSKKDFLPSNLSRTFNNMSKDNIGNKYLNKLLNKKKDTITNENNNINHNNNNNNLTANNITNNLINNNMNSPSIMNTNKKENFLDAANLINDDSGLNNLKKFSTVNNVNDTYEKKIIETELSDASDFENMVGDLRITFINWLKKTQMNFIREKDKLFKDKKELEMERVRLYKELENRKNHEEQKLHDERKKLDIDISNGYKQIKKEKEEHRKRFDEERLRFLQEIDKIKLVLYLEKEKYYQEYKNFENDKKKIVDANIATETMIDINVGGAIFETSRHTLTQQKDSFIEKLLSGRHHVTRDKQGRIFLDRDSELFRIILNFLRNPLTIPIPKDLSESEALLKEAEFYGIKFLPFPLVFCIGGFDGVEYLNSMELLDISQQCWRMCTPMSTKKAYFGSAVLNNFLYVFGGNNY;MEGEKVKTKANSISNFSMTYDRESGGNSNSDDKSGSSSENDSNSFMNLTSDKNEKTENNSFLLNNSSYGNVKDSLLESIDMSVLDSNFDSKKDFLPSNLSRTFNNMSKDNIGNKYLNKLLNKKKDTITNENNNINHNNNNNNLTANNITNNLINNNMNSPSIMNTNKKENFLDAANLINDDSGLNNLKKFSTVNNVNDTYEKKIIETELSDASDFENMVGDLRITFINWLKKTQMNFIREKDKLFKDKKELEMERVRLYKELENRKNHEEQKLHDERKKLDIDISNGYKQIKKEKEEHRKRFDEERLRFLQEIDKIKLVLYLEKEKYYQEYKNFENDKKKIVDANIATETMIDINVGGAIFETSRHTLTQQKDSFIEKQLSGRHHVTRDKQGRIFLDRDSELFRIILNFLRNPLTIPIPKDLSESEALLKEAEFYGIKFLPFPLVFCIGGFDGVEYLNSMELLDISQQCWRMCTPMSTKKAYFGSAVLNNFLYVFGGNNY;MEGEKVKTKANSISNFSMTYDRESGGNSNSDDKSGSSSENDSNSFMNLTSDKNEKTENNSFLLNNSSYGNVKDSLLESIDMSVLDSNFDSKKDFLPSNLSRTFNNMSKDNIGNKYLNKLLNKKKDTITNENNNINHNNNNNNLTANNITNNLINNNMNSPSIMNTNKKENFLDAANLINDDSGLNNLKKFSTVNNVNDTYEKKIIETELSDASDFENMVGDLRITFINWLKKTQMNFIREKDKLFKDKKELEMERVRLYKELENRKNIEEQKLHDERKKLDIDISNGYKQIKKEKEEHRKRFDEERLRFLQEIDKIKLVLYLEKEKYYQEYKNFENDKKKIVDANIATETMIDINVGGAIFETSRHTLTQQKDSFIEKLLSGRHHVTRDKQGRIFLDRDSELFRIILNFLRNPLTIPIPKDLSESEALLKEAEFYGIKFLPFPLVFCIGGFDGVEYLNSMELLDISQQCWRMCTPMSTKKAYFGSAVLNNFLYVFGGNNY","",True
1000,my_population,Host,my_population_83,"MEGEKVKTKANSISNFSMTYDRESGGNSNSDDKSGSSSENDSNSFMNLTSDKNEKTENNSFLLNNSSYGNVKDSLLESIDMSVLDSNFDSKKDFLPSNLSRTFNNMSKDNIGNKYLNKLLNKKKDTITNENNNINHNNNNNNLTANNITNNLINNNMNSPSIMNTNKKENFLDAANLINDDSGLNNLKKFSTVNNVNDTYEKKIIEHELSDASDFENMVGDLRITFINWLKKTQMNFIREKDKLFKDKKELEMERVRLYKELENRKNIEEQKLHDERKKLDIDISNGYKQIKKEKEEHRKRFDEERLRFLQEIDKIKLVLYLEKEKYYQEYKNFENDKKKIVDANIATETMIDINVGGAIFETSRHTLTQQKDSFIEKLLSGRHHVTRDKQGRIFLDRDSELFRIILNFLRNPLTIPIPKDLSESEALLKEAEFYGIKFLPFPLVFCIGGFDGVEYLNSMELLDISQQCWRMCTPMSTKKAYFGSAVLNNFLYVFGGNNY","",True
1000,my_population,Host,my_population_84,"","",True
1000,my_population,Host,my_population_85,"","",True
1000,my_population,Host,my_population_86,"","",True
1000,my_population,Host,my_population_87,"MEGEKVKTKANSISNFSMTYDRESGGNSNSDDKSGSSSENDSNSFMNLTSDKNEKTENNSFLLNNSSYGNVKDSLLESIDMSVLDSNFDSKKDFLPSNLSRTFNNMSKDNIGNKYLNKLLNKKKDTITNENNNINHNNNNNNLTANNITNNLINNNMNSPSIMNTNKKENFLDAANLINDDSGLNNLKKFSTVNNVNDTYEKKIIETELSDASDFENMVGDLRITFINWLKKTQMNFIREKDKLFKDKKELEMERVRLYKELENRKNIEEQKLHDERKKLDIDISNGYKQIKKEKEEHRKRFDEERLRFLQEIDKIKLVLYLEKEKYYQEYKNFENDKKKIVDANIATETMIDINVGGAIFETSRHTLTQQKDSFIEKLLSGRHHVTRDKQGRIFLDRDSELFRIILNFLRNPLTIPIPKDLSESEALLKEAEFYGIKFLPFPLVFCIGGFDGVEYLNSMELLDISQQCWRMCTPMSTKKAYFGSAVLNNFLYVFGGNNY","",True
1000,my_population,Host,my_population_88,"","",True
1000,my_population,Host,my_population_89,"","",True
1000,my_population,Host,my_population_90,"","",True
1000,my_population,Host,my_population_91,"","",True
1000,my_population,Host,my_population_92,"","",True
1000,my_population,Host,my_population_93,"","",True
1000,my_population,Host,my_population_94,"","",True
1000,my_population,Host,my_population_95,"","",True
1000,my_population,Host,my_population_96,"","",True
1000,my_population,Host,my_population_97,"","",True
1000,my_population,Host,my_population_98,"","",True
1000,my_population,Host,my_population_99,"MEGEKVKTKANSISNFSMTYDRESGGNSNSDDKSGSSSENDSNSFMNLTSDKNEKTENNSFLLNNSSYGNVKDSLLESIDMSVLDSNFDSKKDFLPSNLSRTFNNMSKDNIGNKYLNKLLNKKKDTITNENNNINHNNNNNNLTANNITNNLINNNMNSPSIMNTNKKENFLDAANLINDDSGLNNLKKFSTVNNVNDTYEKKIIETELSDASDFENMVGDLRITFINWLKKTQMNFIREKDKLFKDKKELEMERVRLYKELENRKNHEEQKLHDERKKLDIDISNGYKQIKKEKEEHRKRFDEERLRFLQEIDKIKLVLYLEKEKYYQEYKNFENDKKKIVDANIATETMIDINVGGAIFETSRHTLTQQKDSFIEKLLSGRHHVTRDKQGRIFLDRDSELFRIILNFLRNPLTIPIPKDLSESEALLKEAEFYGIKFLPFPLVFCIGGFDGVEYLNSMELLDISQQCWRMCTPMSTKKAYFGSAVLNNFLYVFGGNNY","",True
1000,my_population,Host,my_population_100,"","",True
1000,my_population,Host,my_population_101,"","",True
1000,my_population,Host,my_population_102,"MEGEKVKTKANSISNFSMTYDRESGGNSNSDDKSGSSSENDSNSFMNLTSDKNEKTENNSFLLNNSSYGNVKDSLLESIDMSVLDSNFDSKKDFLPSNLSRTFNNMSKDNIGNKYLNKLLNKKKDTITNENNNINHNNNNNNLTANNITNNLINNNMNSPSIMNTNKKENFLDAANLINDDSGLNNLKKFSTVNNVNDTYEKKIIETELSDASDFENMVGDLRITFINWLKKTQMNFIREKDKLFKDKKELEMERVRLYKELENRKNIEEQKLHDERKKLDIDISNGYKQIKKEKEEHRKRFDEERLRFLQEIDKIKLVLYLEKEKYYQEYKNFENDKKKIVDANIATETMIDINVGGAIFETSRHTLTQQKDSFIEKLLSGRHHVTRDKQGRIFLDRDSELFRIILNFLRNPLTIPIPKDLSESEALLKEAEFYGIKFLPFPLVFCIGGFDGVEYLNSMELLDISQQCWRMCTPMSTKKAYFGSAVLNNFLYVFGGNNY","",True
1000,my_population,Host,my_population_103,"","",True
1000,my_population,Host,my_population_104,"","",True
1000,my_population,Host,my_population_105,"","",True
1000,my_population,Host,my_population_106,"","",True
1000,my_population,Host,my_population_107,"","",True
1000,my_population,Host,my_population_108,"","",True
1000,my_population,Host,my_population_109,"","",True
1000,my_population,Host,my_population_110,"","",True
1000,my_population,Host,my_population_111,"","",True
1000,my_population,Host,my_population_112,"MEGEKVKTKANSISNFSMTYDRESGGNSNSDDKSGSSSENDSNSFMNLTSDKNEKTENNSFLLNNSSYGNVKDSLLESIDMSVLDSNFDSKKDFLPSNLSRTFNNMSKDNIGNKYLNKLLNKKKDTITNENNNINHNNNNNNLTANNITNNLINNNMNSPSIMNTNKKENFLDAANLINDDSGLNNLKKFSTVNNVNDTYEKKIIETELSDASDFENMVGDLRITFINWLKKTQMNFIREKDKLFKDKKELEMERVRLYKELENRKNIEEQKLHDERKKLDIDISNGYKQIKKEKEEHRKRFDEERLRFLQEIDKIKLVLYLEKEKYYQEYKNFENDKKKIVDANIATETMIDINVGGAIFETSRHTLTQQKDSFIEKLLSGRHHVTRDKQGRIFLDRDSELFRIILNFLRNPLTIPIPKDLSESEALLKEAEFYGIKFLPFPLVFCIGGFDGVEYLNSMELLDISQQCWRMCTPMSTKKAYFGSAVLNNFLYVFGGNNY","",True
1000,my_population,Host,my_population_113,"","",True
1000,my_population,Host,my_population_114,"","",True
1000,my_population,Host,my_population_115,"","",True
1000,my_population,Host,my_population_116,"","",True
1000,my_population,Host,my_population_117,"MEGEKVKTKANSISNFSMTYDRESGGNSNSDDKSGSSSENDSNSFMNLTSDKNEKTENNSFLLNNSSYGNVKDSLLESIDMSVLDSNFDSKKDFLPSNLSRTFNNMSKDNIGNKYLNKLLNKKKDTITNENNNINHNNNNNNLTANNITNNLINNNMNSPSIMNTNKKENFLDAANLINDDSGLNNLKKFSTVNNVNDTYEKKIIETELSDASDFENMVGDLRITFINWLKKTQMNFIREKDKLFKDKKELEMERVRLYKELENRKNIEEQKLHDERKKLDIDISNGYKQIKKEKEEHRKRFDEERLRFLQEIDKIKLVLYLEKEKYYQEYKNFENDKKKIVDANIATETMIDINVGGAIFETSRHTLTQQKDSFIEKLLSGRHHVTRDKQGRIFLDRDSELFRIILNFLRNPLTIPIPKDLSESEALLKEAEFYGIKFLPFPLVFCIGGFDGVEYLNSMELLDISQQCWRMCTPMSTKKAYFGSAVLNNFLYVFGGNNY","",True
1000,my_population,Host,my_population_118,"","",True
1000,my_population,Host,my_population_119,"","",True
1000,my_population,Host,my_population_120,"MEGEKVKTKANSISNFSMTYDRESGGNSNSDDKSGSSSENDSNSFMNLTSDKNEKTENNSFLLNNSSYGNVKDSLLESIDMSVLDSNFDSKKDFLPSNLSRTFNNMSKDNIGNKYLNKLLNKKKDTITNENNNINHNNNNNNLTANNITNNLINNNMNSPSIMNTNKKENFLDAANLINDDSGLNNLKKFSTVNNVNDTYEKKIIETELSDASDFENMVGDLRITFINWLKKTQMNFIREKDKLFKDKKELEMERVRLYKELENRKNHEEQKLHDERKKLDIDISNGYKQIKKEKEEHRKRFDEERLRFLQEIDKIKLVLYLEKEKYYQEYKNFENDKKKIVDANIATETMIDINVGGAIFETSRHTLTQQKDSFIEKLLSGRHHVTRDKQGRIFLDRDSELFRIILNFLRNPLTIPIPKDLSESEALLKEAEFYGIKFLPFPLVFCIGGFDGVEYLNSMELLDISQQCWRMCTPMSTKKAYFGSAVLNNFLYVFGGNNY;MEGEKVKTKANSISNFSMTYDRESGGNSNSDDKSGSSSENDSNSFMNLTSDKNEKTENNSFLLNNSSYGNVKDSLLESIDMSVLDSNFDSKKDFLPSNLSRTFNNMSKDNIGNKYLNKLLNKKKDTITNENNNINHNNNNNNLTANNITNNLINNNMNSPSIMNTNKKENFLDAANLINDDSGLNNLKKFSTVNNVNDTYEKKIIETELSDASDFENMVGDLRITFINWLKKTQMNFIREKDKLFKDKKELEMERVRLYKELENRKNIEEQKLHDERKKLDIDISNGYKQIKKEKEEHRKRFDEERLRFLQEIDKIKLVLYLEKEKYYQEYKNFENDKKKIVDANIATETMIDINVGGAIFETSRHTLTQQKDSFIEKLLSGRHHVTRDKQGRIFLDRDSELFRIILNFLRNPLTIPIPKDLSESEALLKEAEFYGIKFLPFPLVFCIGGFDGVEYLNSMELLDISQQCWRMCTPMSTKKAYFGSAVLNNFLYVFGGNNY","",True
1000,my_population,Host,my_population_121,"","",True
1000,my_population,Host,my_population_122,"","",True
1000,my_population,Host,my_population_123,"","",True
1000,my_population,Host,my_population_124,"MEGEKVKTKANSISNFSMTYDRESGGNSNSDDKSGSSSENDSNSFMNLTSDKNEKTENNSFLLNNSSYGNVKDSLLESIDMSVLDSNFDSKKDFLPSNLSRTFNNMSKDNIGNKYLNKLLNKKKDTITNENNNINHNNNNNNLTANNITNNLINNNMNSPSIMNTNKKENFLDAANLINDDSGLNNLKKFSTVNNVNDTYEKKIIETELSDASDFENMVGDLRITFINWLKKTQMNFIREKDKLFKDKKELEMERVRLYKELENRKNIEEQKLHDERKKLDIDISNGYKQIKKEKEEHRKRFDEERLRFLQEIDKIKLVLYLEKEKYYQEYKNFENDKKKIVDANIATETMIDINVGGAIFETSRHTLTQQKDSFIEKLLSGRHHVTRDKQGRIFLDRDSELFRIILNFLRNPLTIPIPKDLSESEALLKEAEFYGIKFLPFPLVFCIGGFDGVEYLNSMELLDISQQCWRMCTPMSTKKAYFGSAVLNNFLYVFGGNNY","",True
1000,my_population,Host,my_population_125,"","",True
1000,my_population,Host,my_population_126,"","",True
1000,my_population,Host,my_population_127,"","",True
1000,my_population,Host,my_population_128,"","",True
1000,my_population,Host,my_population_129,"","",True
1000,my_population,Host,my_population_130,"","",True
1000,my_population,Host,my_population_131,"","",True
1000,my_population,Host,my_population_132,"","",True
1000,my_population,Host,my_population_133,"","",True
1000,my_population,Host,my_population_134,"","",True
1000,my_population,Host,my_population_135,"","",True
1000,my_population,Host,my_population_136,"","",True
1000,my_population,Host,my_population_137,"","",True
1000,my_population,Host,my_population_138,"","",True
1000,my_population,Host,my_population_139,"","",True
1000,my_population,Host,my_population_140,"","",True
1000,my_population,Host,my_population_141,"","",True
1000,my_population,Host,my_population_142,"","",True
1000,my_population,Host,my_population_143,"MEGEKVKTKANSISNFSMTYDRESGGNSNSDDKSGSSSENDSNSFMNLTSDKNEKTENNSFLLNNSSYGNVKDSLLESIDMSVLDSNFDSKKDFLPSNLSRTFNNMSKDNIGNKYLNKLLNKKKDTITNENNNINHNNNNNNLTANNITNNLINNNMNSPSIMNTNKKENFLDAANLINDDSGLNNLKKFSTVNNVNDTYEKKIIETELSDASDFENMVGDLRITFINWLKKTQMNFIREKDKLFKDKKELEMERVRLYKELENRKNHEEQKLHDERKKLDIDISNGYKQIKKEKEEHRKRFDEERLRFLQEIDKIKLVLYLEKEKYYQEYKNFENDKKKIVDANIATETMIDINVGGAIFETSRHTLTQQKDSFIEKLLSGRHHVTRDKQGRIFLDRDSELFRIILNFLRNPLTIPIPKDLSESEALLKEAEFYGIKFLPFPLVFCIGGFDGVEYLNSMELLDISQQCWRMCTPMSTKKAYFGSAVLNNFLYVFGGNNY;MEGEKVKTKANSISNFSMTYDRESGGNSNSDDKSGSSSENDSNSFMNLTSDKNEKTENNSFLLNNSSYGNVKDSLLESIDMSVLDSNHDSKKDFLPSNLSRTFNNMSKDNIGNKYLNKLLNKKKDTITNENNNINHNNNNNNLTANNITNNLINNNMNSPSIMNTNKKENFLDAANLINDDSGLNNLKKFSTVNNVNDTYEKKIIETELSDASDFENMVGDLRITFINWLKKTQMNFIREKDKLFKDKKELEMERVRLYKELENRKNHEEQKLHDERKKLDIDISNGYKQIKKEKEEHRKRFDEERLRFLQEIDKIKLVLYLEKEKYYQEYKNFENDKKKIVDANIATETMIDINVGGAIFETSRHTLTQQKDSFIEKLLSGRHHVTRDKQGRIFLDRDSELFRIILNFLRNPLTIPIPKDLSESEALLKEAEFYGIKFLPFPLVFCIGGFDGVEYLNSMELLDISQQCWRMCTPMSTKKAYFGSAVLNNFLYVFGGNNY","",True
1000,my_population,Host,my_population_144,"","",True
1000,my_population,Host,my_population_145,"","",True
1000,my_population,Host,my_population_146,"","",True
1000,my_population,Host,my_population_147,"","",True
1000,my_population,Host,my_population_148,"","",True
1000,my_population,Host,my_population_149,"","",True
1000,my_population,Host,my_population_150,"","",True
1000,my_population,Host,my_population_151,"","",True
1000,my_population,Host,my_population_152,"","",True
1000,my_population,Host,my_population_153,"","",True
1000,my_population,Host,my_population_154,"","",True
1000,my_population,Host,my_population_155,"","",True
1000,my_population,Host,my_population_156,"","",True
1000,my_population,Host,my_population_157,"","",True
1000,my_population,Host,my_population_158,"","",True
1000,my_population,Host,my_population_159,"","",True
1000,my_population,Host,my_population_160,"","",True
1000,my_population,Host,my_population_161,"","",True
1000,my_population,Host,my_population_162,"","",True
1000,my_population,Host,my_population_163,"","",True
1000,my_population,Host,my_population_164,"MEGEKVKTKANSISNFSMTYDRESGGNSNSDDKSGSSSENDSNSFMNLTSDKNEKTENNSFLLNNSSYGNVKDSLLESIDMSVLDSNFDSKKDFLPSNLSRTFNNMSKDNIGNKYLNKLLNKKKDTITNENNNINHNNNNNNLTANNITNNLINNNMNSPSIMNTNKKENFLDAANLINDDSGLNNLKKFSTVNNVNDTYEKKIIETELSDASDFENMVGDLRITFINWLKKTQMNFIREKDKLFKDKKELEMERVRLYKELENRKNIEEQKLHDERKKLDIDISNGYKQIKKEKEEHRKRFDEERLRFLQEIDKIKLVLYLEKEKYYQEYKNFENDKKKIVDANIATETMIDINVGGAIFETSRHTLTQQKDSFIEKLLSGRHHVTRDKQGRIFLDRDSELFRIILNFLRNPLTIPIPKDLSESEALLKEAEFYGIKFLPFPLVFCIGGFDGVEYLNSMELLDISQQCWRMCTPMSTKKAYFGSAVLNNFLYVFGGNNY","",True
1000,my_population,Host,my_population_165,"MEGEKVKTKANSISNFSMTYDRESGGNSNSDDKSGSSSENDSNSFMNLTSDKNEKTENNSFLLNNSSYGNVKDSLLESIDMSVLDSNFDSKKDFLPSNLSRTFNNMSKDNIGNKYLNKLLNKKKDTITNENNNINHNNNNNNLTANNITNNLINNNMNSPSIMNTNKKENFLDAANLINDDSGLNNLKKFSTVNNVNDTYEKKIIETELSDASDFENMVGDLRITFINWLKKTQMNFIREKDKLFKDKKELEMERVRLYKELENRKNHEEQKLHDERKKLDIDISNGYKQIKKEKEEHRKRFDEERLRFLQEIDKIKLVLYLEKEKYYQEYKNFENDKKKIVDANIATETMIDINVGGAIFETSRHTLTQQKDSFIEKLLSGRHHVTRDKQGRIFLDRDSELFRIILNFLRNPLTIPIPKDLSESEALLKEAEFYGIKFLPFPLVFCIGGFDGVEYLNSMELLDISQQCWRMCTPMSTKKAYFGSAVLNNFLYVFGGNNY","",True
1000,my_population,Host,my_population_166,"","",True
1000,my_population,Host,my_population_167,"","",True
1000,my_population,Host,my_population_168,"","",True
1000,my_population,Host,my_population_169,"","",True
1000,my_population,Host,my_population_170,"","",True
1000,my_population,Host,my_population_171,"","",True
1000,my_population,Host,my_population_172,"","",True
1000,my_population,Host,my_population_173,"MEGEKVKTKANSISNFSMTYDRESGGNSNSDDKSGSSSENDSNSFMNLTSDKNEKTENNSFLLNNSSYGNVKDSLLESIDMSVLDSNFDSKKDFLPSNLSRTFNNMSKDNIGNKYLNKLLNKKKDTITNENNNINHNNNNNNLTANNITNNLINNNMNSPSIMNTNKKENFLDAANLINDDSGLNNLKKFSTVNNVNDTYEKKIIETELSDASDFENMVGDLRITFINWLKKTQMNFIREKDKLFKDKKELEMERVRLYKELENRKNHEEQKLHDERKKLDIDISNGYKQIKKEKEEHRKRFDEERLRFLQEIDKIKLVLYLEKEKYYQEYKNFENDKKKIVDANIATETMIDINVGGAIFETSRHTLTQQKDSFIEKLLSGRHHVTRDKQGRIFLDRDSELFRIILNFLRNPLTIPIPKDLSESEALLKEAEFYGIKFLPFPLVFCIGGFDGVEYLNSMELLDISQQCWRMCTPMSTKKAYFGSAVLNNFLYVFGGNNY;MEGEKVKTKANSISNFSMTYDRESGGNSNSDDKSGSSSENDSNSFMNLTSDKNEKTENNSFLLNNSSYGNVKDSLLESIDMSVLDSNFDSKKDFLPSNLSRTFNNMSKDNIGNKYLNKLLNKKKDTITNENNNINHNNNNNNLTANNITNNLINNNMNSPSIMNTNKKENFLDAANLINDDSGLNNLKKFSTVNNVNDTYEKKIIETELSDASDFENMVGDLRITFINWLKKTQMNFIREKDKLFKDKKELEMERVRLYKELENRKNIEEQKLHDERKKLDIDISNGYKQIKKEKEEHRKRFDEERLRFLQEIDKIKLVLYLEKEKYYQEYKNFENDKKKIVDANIATETMIDINVGGAIFETSRHTLTQQKDSFIEKLLSGRHHVTRDKQGRIFLDRDSELFRIILNFLRNPLTIPIPKDLSESEALLKEAEFYGIKFLPFPLVFCIGGFDGVEYLNSMELLDISQQCWRMCTPMSTKKAYFGSAVLNNFLYVFGGNNY","",True
1000,my_population,Host,my_population_174,"","",True
1000,my_population,Host,my_population_175,"","",True
1000,my_population,Host,my_population_176,"","",True
1000,my_population,Host,my_population_177,"","",True
1000,my_population,Host,my_population_178,"","",True
1000,my_population,Host,my_population_179,"","",True
1000,my_population,Host,my_population_180,"","",True
1000,my_population,Host,my_population_181,"","",True
1000,my_population,Host,my_population_182,"","",True
1000,my_population,Host,my_population_183,"","",True
1000,my_population,Host,my_population_184,"","",True
1000,my_population,Host,my_population_185,"","",True
1000,my_population,Host,my_population_186,"MEGEKVKTKANSISNFSMTYDRESGGNSNSDDKSGSSSENDSNSFMNLTSDKNEKTENNSFLLNNSSYGNVKDSLLESIDMSVLDSNFDSKKDFLPSNLSRTFNNMSKDNIGNKYLNKLLNKKKDTITNENNNINHNNNNNNLTANNITNNLINNNMNSPSIMNTNKKENFLDAANLINDDSGLNNLKKFSTVNNVNDTYEKKIIETELSDASDFENMVGDLRITFINWLKKTQMNFIREKDKLFKDKKELEMERVRLYKELENRKNIEEQKLHDERKKLDIDISNGYKQIKKEKEEHRKRFDEERLRFLQEIDKIKLVLYLEKEKYYQEYKNFENDKKKIVDANIATETMIDINVGGAIFETSRHTLTQQKDSFIEKLLSGRHHVTRDKQGRIFLDRDSELFRIILNFLRNPLTIPIPKDLSESEALLKEAEFYGIKFLPFPLVFCIGGFDGVEYLNSMELLDISQQCWRMCTPMSTKKAYFGSAVLNNFLYVFGGNNY;MEGEKVKTKANSISNFSMTYDRESGGNSNSDDKSGSSSENDSNSFMNLTSDKNEKTENNSFLLNNSSYGNVKDSLLESIDMSVLDSNFDSKKDFLPSNLSRTFNNMSKDNIGNKYLNKLLNKKKDTITNENNNINHNNNNNNLTANNITNNLINNNMNSPSIMNTNKKENFLDAANLINDDSGLNNLKKFSTVNNVNDTYEKKIIEHELSDASDFENMVGDLRITFINWLKKTQMNFIREKDKLFKDKKELEMERVRLYKELENRKNIEEQKLHDERKKLDIDISNGYKQIKKEKEEHRKRFDEERLRFLQEIDKIKLVLYLEKEKYYQEYKNFENDKKKIVDANIATETMIDINVGGAIFETSRHTLTQQKDSFIEKLLSGRHHVTRDKQGRIFLDRDSELFRIILNFLRNPLTIPIPKDLSESEALLKEAEFYGIKFLPFPLVFCIGGFDGVEYLNSMELLDISQQCWRMCTPMSTKKAYFGSAVLNNFLYVFGGNNY","",True
1000,my_population,Host,my_population_187,"","",True
1000,my_population,Host,my_population_188,"","",True
1000,my_population,Host,my_population_189,"","",True
1000,my_population,Host,my_population_190,"MEGEKVKTKANSISNFSMTYDRESGGNSNSDDKSGSSSENDSNSFMNLTSDKNEKTENNSFLLNNSSYGNVKDSLLESIDMSVLDSNFDSKKDFLPSNLSRTFNNMSKDNIGNKYLNKLLNKKKDTITNENNNINHNNNNNNLTANNITNNLINNNMNSPSILNTNKKENFLDAANLINDDSGLNNLKKFSTVNNVNDTYEKKIIETELSDASDFENMVGDLRITFINWLKKTQMNFIREKDKLFKDKKELEMERVRLYKELENRKNHEEQKLHDERKKLDIDISNGYKQIKKEKEEHRKRFDEERLRFLQEIDKIKLVLYLEKEKYYQEYKNFENDKKKIVDANIATETMIDINVGGAIFETSRHTLTQQKDSFIEKLLSGRHHVTRDKQGRIFLDRDSELFRIILNFLRNPLTIPIPKDLSESEALLKEAEFYGIKFLPFPLVFCIGGFDGVEYLNSMELLDISQQCWRMCTPMSTKKAYFGSAVLNNFLYVFGGNNY;MEGEKVKTKANSISNFSMTYDRESGGNSNSDDKSGSSSENDSNSFMNLTSDKNEKTENNSFLLNNSSYGNVKDSLLESIDMSVLDSNFDSKKDFLPSNLSRTFNNMSKDNIGNKYLNKLLNKKKDTITNENNNINHNNNNNNLTANNITNNLINNNMNSPSIMNTNKKENFLDAANLINDDSGLNNLKKFSTVNNVNDTYEKKIIETELSDASDFENMVGDLRITFINWLKKTQMNFIREKDKLFKDKKELEMERVRLYKELENRKNIEEQKLHDERKKLDIDISNGYKQIKKEKEEHRKRFDEERLRFLQEIDKIKLVLYLEKEKYYQEYKNFENDKKKIVDANIATETMIDINVGGAIFETSRHTLTQQKDSFIEKLLSGRHHVTRDKQGRIFLDRDSELFRIILNFLRNPLTIPIPKDLSESEALLKEAEFYGIKFLPFPLVFCIGGFDGVEYLNSMELLDISQQCWRMCTPMSTKKAYFGSAVLNNFLYVFGGNNY","",True
1000,my_population,Host,my_population_191,"","",True
1000,my_population,Host,my_population_192,"MEGEKVKTKANSISNFSMTYDRESGGNSNSDDKSGSSSENDSNSFMNLTSDKNEKTENNSFLLNNSSYGNVKDSLLESIDMSVLDSNFDSKKDFLPSNLSRTFNNMSKDNIGNKYLNKLLNKKKDTITNENNNINHNNNNNNLTANNITFNLINNNMNSPSIMNTNKKENFLDAANLINDDSGLNNLKKFSTVNNVNDTYEKKIIETELSDASDFENMVGDLRITFINWLKKTQMNFIREKDKLFKDKKELEMERVRLYKELENRKNIEEQKLHDERKKLDIDISNGYKQIKKEKEEHRKRFDEERLRFLQEIDKIKLVLYLEKEKYYQEYKNFENDKKKIVDANIATETMIDINVGGAIFETSRHTLTQQKDSFIEKLLSGRHHVTRDKQGRIFLDRDSELFRIILNFLRNPLTIPIPKDLSESEALLKEAEFYGIKFLPFPLVFCIGGFDGVEYLNSMELLDISQQCWRMCTPMSTKKAYFGSAVLNNFLYVFGGNNY","",True
1000,my_population,Host,my_population_193,"","",True
1000,my_population,Host,my_population_194,"","",True
1000,my_population,Host,my_population_195,"","",True
1000,my_population,Host,my_population_196,"","",True
1000,my_population,Host,my_population_197,"","",True
1000,my_population,Host,my_population_198,"","",True
1000,my_population,Host,my_population_199,"","",True
1000,my_population,Host,my_population_200,"","",True
1000,my_population,Host,my_population_201,"","",True
1000,my_population,Host,my_population_202,"","",True
1000,my_population,Host,my_population_203,"","",True
1000,my_population,Host,my_population_204,"","",True
1000,my_population,Host,my_population_205,"","",True
1000,my_population,Host,my_population_206,"","",True
1000,my_population,Host,my_population_207,"","",True
1000,my_population,Host,my_population_208,"","",True
1000,my_population,Host,my_population_209,"","",True
1000,my_population,Host,my_population_210,"","",True
1000,my_population,Host,my_population_211,"","",True
1000,my_population,Host,my_population_212,"","",True
1000,my_population,Host,my_population_213,"","",True
1000,my_population,Host,my_population_214,"","",True
1000,my_population,Host,my_population_215,"","",True
1000,my_population,Host,my_population_216,"MEGEKVKTKANSISNFSMTYDRESGGNSNSDDKSGSSSENDSNSFMNLTSDKNEKTENNSFLLNNSSYGNVKDSLLESIDMSVLDSNFDSKKDFLPSNLSRTFNNMSKDNIGNKYLNKLLNKKKDTITNENNNINHNNNNNNLTANNITNNLINNNMNSPSIMNTNKKENFLDAANLINDDSGLNNLKKFSTVNNVNDTYEKKIIETELSDASDFENMVGDLRITFINWLKKTQMNFIREKDKLFKDKKELEMERVRLYKELENRKNIEEQKLHDERKKLDIDISNGYKQIKKEKEEHRKRFDEERLRFLQEIDKIKLVLYLEKEKYYQEYKNFENDKKKIVDANIATETMIDINVGGAIFETSRHTLTQQKDSFIEKLLSGRHHVTRDKQGRIFLDRDSELFRIILNFLRNPLTIPIPKDLSESEALLKEAEFYGIKFLPFPLVFCIGGFDGVEYLNSMELLDISQQCWRMCTPMSTKKAYFGSAVLNNFLYVFGGNNY","",True
1000,my_population,Host,my_population_217,"","",True
1000,my_population,Host,my_population_218,"MEGEKVKTKANSISNFSMTYDRESGGNSNSDDKSGSSSENDSNSFMNLTSDKNEKTENNSFLLNNSSYGNVKDSLLESIDMSVLDSNFDSKKDFLPSNLSRTFNNMSKDNIGNKYLNKLLNKKKDTITNENNNINHNNNNNNLTANNITNNLINNNMNSPSIMNTNKKENFLDAANLINDDSGLNNLKKFSTVNNVNDTYEKKIIETELSDASDFENMVGDLRITFINWLKKTQMNFIREKDKLFKDKKELEMERVRLYKELENRKNIEEQKLHDERKKLDIDISNGYKQIKKEKEEHRKRFDEERLRFLQEIDKIKLVLYLEKEKYYQEYKNFENDKKKIVDANIATETMIDINVGGAIFETSRHTLTQQKDSFIEKLLSGRHHVTRDKQGRIFLDRDSELFRIILNFLRNPLTIPIPKDLSESEALLKEAEFYGIKFLPFPLVFCIGGFDGVEYLNSMELLDISQQCWRMCTPMSTKKAYFGSAVLNNFLYVFGGNNY","",True
1000,my_population,Host,my_population_219,"","",True
1000,my_population,Host,my_population_220,"","",True
1000,my_population,Host,my_population_221,"","",True
1000,my_population,Host,my_population_222,"","",True
1000,my_population,Host,my_population_223,"MEGEKVKTKANSISNFSMTYDRESGGNSNSDDKSGSSSENDSNSFMNLTSDKNEKTENNSFLLNNSSYGNVKDSLLESIDMSVLDSNFDSKKDFLPSNLSRTFNNMSKDNIGNKYLNKLLNKKKDTITNENNNINHNNNNNNLTANNITNNLINNNMNSPSIMNTNKKENFLDAANLINDDSGLNNLKKFSTVNNVNDTYEKKIIETELSDASDFENMVGDLRITFINWLKKTQMNFIREKDKLFKDKKELEMERVRLYKELENRKNIEEQKLHDERKKLDIDISNGYKQIKKEKEEHRKRFDEERLRFLQEIDKIKLVLYLEKEKYYQEYKNFENDKKKIVDANIATETMIDINVGGAIFETSRHTLTQQKDSFIEKLLSGRHHVTRDKQGRIFLDRDSELFRIILNFLRNPLTIPIPKDLSESEALLKEAEFYGIKFLPFPLVFCIGGFDGVEYLNSMELLDISQQCWRMCTPMSTKKAYFGSAVLNNFLYVFGGNNY","",True
1000,my_population,Host,my_population_224,"","",True
1000,my_population,Host,my_population_225,"","",True
1000,my_population,Host,my_population_226,"","",True
1000,my_population,Host,my_population_227,"","",True
1000,my_population,Host,my_population_228,"","",True
1000,my_population,Host,my_population_229,"","",True
1000,my_population,Host,my_population_230,"","",True
1000,my_population,Host,my_population_231,"","",True
1000,my_population,Host,my_population_232,"","",True
1000,my_population,Host,my_population_233,"","",True
1000,my_population,Host,my_population_234,"MEGEKVKTKANSISNFSMTYDRESGGNSNSDDKSGSSSENDSNSFMNLTSDKNEKTENNSFLLNNSSYGNVKDSLLESIDMSVLDSNFDSKKDFLPSNLSRTFNNMSKDNIGNKYLNKLLNKKKDTITNENNNINHNNNNNNLTANNITNNLINNNMNSPSIMNTNKKENFLDAANLINDDSGLNNLKKFSTVNNVNDTYEKKIIETELSDASDFENMVGDLRITFINWLKKTQMNFIREKDKLFKDKKELEMERVRLYKELENRKNIEEQKLHDERKKLDIDISNGYKQIKKEKEEHRKRFDEERLRFLQEIDKIKLVLYLEKEKYYQEYKNFENDKKKIVDANIATETMIDINVGGAIFETSRHTLTQQKDSFIEKLLSGRHHVTRDKQGRIFLDRDSELFRIILNFLRNPLTIPIPKDLSESEALLKEAEFYGIKFLPFPLVFCIGGFDGVEYLNSMELLDISQQCWRMCTPMSTKKAYFGSAVLNNFLYVFGGNNY","",True
1000,my_population,Host,my_population_235,"MEGEKVKTKANSISNFSMTYDRESGGNSNSDDKSGSSSENDSNSFMNLTSDKNEKTENNSFLLNNSSYGNVKDSLLESIDMSVLDSNFDSKKDFLPSNLSRTFNNMSKDNIGNKYLNKLLNKKKDTITNENNNINHNNNNNNLTANNITNNLINNNMNSPSIMNTNKKENFLDAANLINDDSGLNNLKKFSTVNNVNDTYEKKIIETELSDASDFENMVGDLRITFINWLKKTQMNFIREKDKLFKDKKELEMERVRLYKELENRKNIEEQKLHDERKKLDIDISNGYKQIKKEKEEHRKRFDEERLRFLQEIDKIKLVLYLEKEKYYQEYKNFENDKKKIVDANIATETMIDINVGGAIFETSRHTLTQQKDSFIEKLLSGRHHVTRDKQGRIFLDRDSELFRIILNFLRNPLTIPIPKDLSESEALLKEAEFYGIKFLPFPLVFCIGGFDGVEYLNSMELLDISQQCWRMCTPMSTKKAYFGSAVLNNFLYVFGGNNY","",True
1000,my_population,Host,my_population_236,"","",True
1000,my_population,Host,my_population_237,"","",True
1000,my_population,Host,my_population_238,"","",True
1000,my_population,Host,my_population_239,"MEGEKVKTKANSISNFSMTYDRESGGNSNSDDKSGSSSENDSNSFMNLTSDKNEKTENNSFLLNNSSYGNVKDSLLESIDMSVLDSNFDSKKDFLPSNLSRTFNNMSKDNIGNKYLNKLLNKKKDTITNENNNINHNNNNNNLTANNITNNLINNNMNSPSIMNTNKKENFLDAANLINDDSGLNNLKKFSTVNNVNDTYEKKIIETELSDASDFENMVGDLRITFINWLKKTQMNFIREKDKLFKDKKELEMERVRLYKELENRKNIEEQKLHDERKKLDIDISNGYKQIKKEKEEHRKRFDEERLRFLQEIDKIKLVLYLEKEKYYQEYKNFENDKKKIVDANIATETMIDINVGGAIFETSRHTLTQQKDSFIEKLLSGRHHVTRDKQGRIFLDRDSELFRIILNFLRNPLTIPIPKDLSESEALLKEAEFYGIKFLPFPLVFCIGGFDGVEYLNSMELLDISQQCWRMCTPMSTKKAYFGSAVLNNFLYVFGGNNY","",True
1000,my_population,Host,my_population_240,"","",True
1000,my_population,Host,my_population_241,"","",True
1000,my_population,Host,my_population_242,"","",True
1000,my_population,Host,my_population_243,"","",True
1000,my_population,Host,my_population_244,"","",True
1000,my_population,Host,my_population_245,"","",True
1000,my_population,Host,my_population_246,"","",True
1000,my_population,Host,my_population_247,"","",True
1000,my_population,Host,my_population_248,"","",True
1000,my_population,Host,my_population_249,"","",True
